{
  "tags": [
    {
      "ID": 6,
      "pose": {
        "translation": {
          "x": 1.8415,
          "y": 8.2042,
          "z": 1.355852
        },
        "rotation": {
          "quaternion": {
            "W": -0.7071067811865475,
            "X": -0.0,
            "Y": 0.0,
            "Z": 0.7071067811865476
          }
        }
      }
    },
    {
      "ID": 7,
      "pose": {
        "translation": {
          "x": -0.038099999999999995,
          "y": 5.547867999999999,
          "z": 1.4511020000000001
        },
        "rotation": {
          "quaternion": {
            "W": 1.0,
            "X": 0.0,
            "Y": 0.0,
            "Z": 0.0
          }
        }
      }
    },
    {
      "ID": 8,
      "pose": {
        "translation": {
          "x": -0.038099999999999995,
          "y": 4.982717999999999,
          "z": 1.4511020000000001
        },
        "rotation": {
          "quaternion": {
            "W": 1.0,
            "X": 0.0,
            "Y": 0.0,
            "Z": 0.0
          }
        }
      }
    },
    {
      "ID": 15,
      "pose": {
        "translation": {
          "x": 4.641342,
          "y": 4.49834,
          "z": 1.3208
        },
        "rotation": {
          "quaternion": {
            "W": 0.5000000000000001,
            "X": 0.0,
            "Y": 0.0,
            "Z": 0.8660254037844386
          }
        }
      }
    }
  ],
  "field": {
    "length": 16.541,
    "width": 8.211
  }
}
